<?xml version="1.0" encoding="UTF-8"?>
<GenRun Id="impl_1" LaunchPart="xc7a35tcpg236-3" LaunchTime="1729361641">
  <File Type="ROUTE-PWR" Name="mainFile_power_routed.rpt"/>
  <File Type="PA-TCL" Name="mainFile.tcl"/>
  <File Type="BITSTR-BMM" Name="mainFile_bd.bmm"/>
  <File Type="ROUTE-PWR-SUM" Name="mainFile_power_summary_routed.pb"/>
  <File Type="REPORTS-TCL" Name="mainFile_reports.tcl"/>
  <File Type="OPT-DCP" Name="mainFile_opt.dcp"/>
  <File Type="OPT-DRC" Name="mainFile_drc_opted.rpt"/>
  <File Type="OPT-HWDEF" Name="mainFile.hwdef"/>
  <File Type="PWROPT-DCP" Name="mainFile_pwropt.dcp"/>
  <File Type="PLACE-DCP" Name="mainFile_placed.dcp"/>
  <File Type="PLACE-IO" Name="mainFile_io_placed.rpt"/>
  <File Type="PLACE-UTIL" Name="mainFile_utilization_placed.rpt"/>
  <File Type="PLACE-UTIL-PB" Name="mainFile_utilization_placed.pb"/>
  <File Type="PLACE-CTRL" Name="mainFile_control_sets_placed.rpt"/>
  <File Type="PLACE-PRE-SIMILARITY" Name="mainFile_incremental_reuse_pre_placed.rpt"/>
  <File Type="BG-BGN" Name="mainFile.bgn"/>
  <File Type="POSTPLACE-PWROPT-DCP" Name="mainFile_postplace_pwropt.dcp"/>
  <File Type="BG-BIN" Name="mainFile.bin"/>
  <File Type="PHYSOPT-DCP" Name="mainFile_physopt.dcp"/>
  <File Type="BITSTR-MSK" Name="mainFile.msk"/>
  <File Type="ROUTE-ERROR-DCP" Name="mainFile_routed_error.dcp"/>
  <File Type="ROUTE-DCP" Name="mainFile_routed.dcp"/>
  <File Type="ROUTE-BLACKBOX-DCP" Name="mainFile_routed_bb.dcp"/>
  <File Type="ROUTE-DRC" Name="mainFile_drc_routed.rpt"/>
  <File Type="ROUTE-DRC-PB" Name="mainFile_drc_routed.pb"/>
  <File Type="ROUTE-DRC-RPX" Name="mainFile_drc_routed.rpx"/>
  <File Type="BITSTR-LTX" Name="mainFile.ltx"/>
  <File Type="ROUTE-METHODOLOGY-DRC" Name="mainFile_methodology_drc_routed.rpt"/>
  <File Type="BITSTR-MMI" Name="mainFile.mmi"/>
  <File Type="ROUTE-METHODOLOGY-DRC-RPX" Name="mainFile_methodology_drc_routed.rpx"/>
  <File Type="ROUTE-METHODOLOGY-DRC-PB" Name="mainFile_methodology_drc_routed.pb"/>
  <File Type="BITSTR-SYSDEF" Name="mainFile.sysdef"/>
  <File Type="ROUTE-PWR-RPX" Name="mainFile_power_routed.rpx"/>
  <File Type="ROUTE-STATUS" Name="mainFile_route_status.rpt"/>
  <File Type="ROUTE-STATUS-PB" Name="mainFile_route_status.pb"/>
  <File Type="ROUTE-TIMINGSUMMARY" Name="mainFile_timing_summary_routed.rpt"/>
  <File Type="ROUTE-TIMING-PB" Name="mainFile_timing_summary_routed.pb"/>
  <File Type="ROUTE-TIMING-RPX" Name="mainFile_timing_summary_routed.rpx"/>
  <File Type="ROUTE-CLK" Name="mainFile_clock_utilization_routed.rpt"/>
  <File Type="ROUTE-BUS-SKEW" Name="mainFile_bus_skew_routed.rpt"/>
  <File Type="ROUTE-BUS-SKEW-PB" Name="mainFile_bus_skew_routed.pb"/>
  <File Type="ROUTE-BUS-SKEW-RPX" Name="mainFile_bus_skew_routed.rpx"/>
  <File Type="POSTROUTE-PHYSOPT-DCP" Name="mainFile_postroute_physopt.dcp"/>
  <File Type="POSTROUTE-PHYSOPT-BLACKBOX-DCP" Name="mainFile_postroute_physopt_bb.dcp"/>
  <File Type="BG-BIT" Name="mainFile.bit"/>
  <File Type="BITSTR-RBT" Name="mainFile.rbt"/>
  <File Type="BITSTR-NKY" Name="mainFile.nky"/>
  <File Type="BG-DRC" Name="mainFile.drc"/>
  <File Type="RDI-RDI" Name="mainFile.vdi"/>
  <File Type="WBT-USG" Name="usage_statistics_webtalk.html"/>
  <FileSet Name="sources" Type="DesignSrcs" RelSrcDir="$PSRCDIR/sources_1">
    <Filter Type="Srcs"/>
    <File Path="$PSRCDIR/sources_1/new/Oled_Display.v">
      <FileInfo>
        <Attr Name="ImportPath" Val="$PPRDIR/../../../../../../../../Downloads/MODS.xpr/final_proj/final_proj.srcs/sources_1/new/Oled_Display.v"/>
        <Attr Name="ImportTime" Val="1729135140"/>
        <Attr Name="UsedIn" Val="synthesis"/>
        <Attr Name="UsedIn" Val="implementation"/>
        <Attr Name="UsedIn" Val="simulation"/>
      </FileInfo>
    </File>
    <File Path="$PSRCDIR/sources_1/new/animate_circle.v">
      <FileInfo>
        <Attr Name="ImportPath" Val="$PPRDIR/../../../../../../../../Downloads/MODS.xpr/final_proj/final_proj.srcs/sources_1/new/animate_circle.v"/>
        <Attr Name="ImportTime" Val="1729423376"/>
        <Attr Name="UsedIn" Val="synthesis"/>
        <Attr Name="UsedIn" Val="implementation"/>
        <Attr Name="UsedIn" Val="simulation"/>
      </FileInfo>
    </File>
    <File Path="$PSRCDIR/sources_1/new/flexible_clock.v">
      <FileInfo>
        <Attr Name="ImportPath" Val="$PPRDIR/../../../../../../../../Downloads/MODS.xpr/final_proj/final_proj.srcs/sources_1/new/flexible_clock.v"/>
        <Attr Name="ImportTime" Val="1729134896"/>
        <Attr Name="UsedIn" Val="synthesis"/>
        <Attr Name="UsedIn" Val="implementation"/>
        <Attr Name="UsedIn" Val="simulation"/>
      </FileInfo>
    </File>
    <File Path="$PSRCDIR/sources_1/new/mainfile.v">
      <FileInfo>
        <Attr Name="ImportPath" Val="$PPRDIR/../../../../../../../../Downloads/MODS.xpr/final_proj/final_proj.srcs/sources_1/new/mainfile.v"/>
        <Attr Name="ImportTime" Val="1729234102"/>
        <Attr Name="UsedIn" Val="synthesis"/>
        <Attr Name="UsedIn" Val="implementation"/>
        <Attr Name="UsedIn" Val="simulation"/>
      </FileInfo>
    </File>
    <File Path="$PSRCDIR/sources_1/new/collision_detection.v">
      <FileInfo>
        <Attr Name="AutoDisabled" Val="1"/>
        <Attr Name="ImportPath" Val="$PPRDIR/../../../../../../../../Downloads/MODS.xpr/final_proj/final_proj.srcs/sources_1/new/collision_detection.v"/>
        <Attr Name="ImportTime" Val="1729576401"/>
        <Attr Name="UsedIn" Val="synthesis"/>
        <Attr Name="UsedIn" Val="implementation"/>
        <Attr Name="UsedIn" Val="simulation"/>
      </FileInfo>
    </File>
    <File Path="$PSRCDIR/sources_1/new/elastic_collision.v">
      <FileInfo>
        <Attr Name="AutoDisabled" Val="1"/>
        <Attr Name="ImportPath" Val="$PPRDIR/../../../../../../../../Downloads/MODS.xpr/final_proj/final_proj.srcs/sources_1/new/elastic_collision.v"/>
        <Attr Name="ImportTime" Val="1729313289"/>
        <Attr Name="UsedIn" Val="synthesis"/>
        <Attr Name="UsedIn" Val="implementation"/>
        <Attr Name="UsedIn" Val="simulation"/>
      </FileInfo>
    </File>
    <File Path="$PSRCDIR/sources_1/new/collisionA.v">
      <FileInfo>
        <Attr Name="AutoDisabled" Val="1"/>
        <Attr Name="ImportPath" Val="$PPRDIR/../../../../../../../../Downloads/MODS.xpr/final_proj/final_proj.srcs/sources_1/new/collisionA.v"/>
        <Attr Name="ImportTime" Val="1729232898"/>
        <Attr Name="UsedIn" Val="synthesis"/>
        <Attr Name="UsedIn" Val="implementation"/>
        <Attr Name="UsedIn" Val="simulation"/>
      </FileInfo>
    </File>
    <File Path="$PSRCDIR/sources_1/new/position_circle.v">
      <FileInfo>
        <Attr Name="AutoDisabled" Val="1"/>
        <Attr Name="ImportPath" Val="$PPRDIR/../../../../../../../../Downloads/MODS.xpr/final_proj/final_proj.srcs/sources_1/new/position_circle.v"/>
        <Attr Name="ImportTime" Val="1729232898"/>
        <Attr Name="UsedIn" Val="synthesis"/>
        <Attr Name="UsedIn" Val="implementation"/>
        <Attr Name="UsedIn" Val="simulation"/>
      </FileInfo>
    </File>
    <Config>
      <Option Name="DesignMode" Val="RTL"/>
      <Option Name="TopModule" Val="mainFile"/>
      <Option Name="TopAutoSet" Val="TRUE"/>
    </Config>
  </FileSet>
  <FileSet Name="constrs_in" Type="Constrs" RelSrcDir="$PSRCDIR/constrs_1">
    <Filter Type="Constrs"/>
    <File Path="$PSRCDIR/constrs_1/new/const.xdc">
      <FileInfo>
        <Attr Name="ImportPath" Val="$PPRDIR/../../../../../../../../Downloads/MODS.xpr/final_proj/final_proj.srcs/constrs_1/new/const.xdc"/>
        <Attr Name="ImportTime" Val="1729242178"/>
        <Attr Name="UsedIn" Val="synthesis"/>
        <Attr Name="UsedIn" Val="implementation"/>
      </FileInfo>
    </File>
    <Config>
      <Option Name="ConstrsType" Val="XDC"/>
    </Config>
  </FileSet>
  <Strategy Version="1" Minor="2">
    <StratHandle Name="Vivado Implementation Defaults" Flow="Vivado Implementation 2018"/>
    <Step Id="init_design"/>
    <Step Id="opt_design"/>
    <Step Id="power_opt_design"/>
    <Step Id="place_design"/>
    <Step Id="post_place_power_opt_design"/>
    <Step Id="phys_opt_design"/>
    <Step Id="route_design"/>
    <Step Id="post_route_phys_opt_design"/>
    <Step Id="write_bitstream"/>
  </Strategy>
</GenRun>
